15-Mar-13,1560.7
1-Mar-13,1551.18
1-Feb-13,1512.31
1-Jan-13,1492.52
1-Dec-12,1438.18
1-Nov-12,1406.29
1-Oct-12,1443.1
1-Sep-12,1448.15
1-Aug-12,1414.34
1-Jul-12,1377.95
1-Jun-12,1338.98
1-May-12,1354.99
1-Apr-12,1398.97
1-Mar-12,1406.04
1-Feb-12,1379.24
1-Jan-12,1332.14
1-Dec-11,1279.1
1-Nov-11,1258.6
1-Oct-11,1237.85
1-Sep-11,1201.18
1-Aug-11,1214.72
1-Jul-11,1361.82
1-Jun-11,1324.04
1-May-11,1375.04
1-Apr-11,1374.49
1-Mar-11,1355.27
1-Feb-11,1385.93
1-Jan-11,1352.18
1-Dec-10,1315.09
1-Nov-10,1272.11
1-Oct-10,1243.66
1-Sep-10,1192.59
1-Aug-10,1156.28
1-Jul-10,1149.91
1-Jun-10,1153.94
1-May-10,1197.19
1-Apr-10,1275.07
1-Mar-10,1228.99
1-Feb-10,1166.67
1-Jan-10,1203.84
1-Dec-09,1193.77
1-Nov-09,1167.72
1-Oct-09,1146.63
1-Sep-09,1122.89
1-Aug-09,1086.14
1-Jul-09,1008.89
1-Jun-09,996.85
1-May-09,979.67
1-Apr-09,923.43
1-Mar-09,826.39
1-Feb-09,881.02
1-Jan-09,951.76
1-Dec-08,969.14
1-Nov-08,965.1
1-Oct-08,1038.55
1-Sep-08,1291.39
1-Aug-08,1357.98
1-Jul-08,1327.08
1-Jun-08,1423.09
1-May-08,1503.84
1-Apr-08,1481.11
1-Mar-08,1431.89
1-Feb-08,1485.9
1-Jan-08,1516.49
1-Dec-07,1635.07
1-Nov-07,1616.49
1-Oct-07,1710.84
1-Sep-07,1667.13
1-Aug-07,1624.27
1-Jul-07,1694.95
1-Jun-07,1687.26
1-May-07,1687.12
1-Apr-07,1644.08
1-Mar-07,1590.66
1-Feb-07,1648.33
1-Jan-07,1633.48
1-Dec-06,1629.56
1-Nov-06,1599.98
1-Oct-06,1568.54
1-Sep-06,1507.81
1-Aug-06,1465.58
1-Jul-06,1437.76
1-Jun-06,1433.93
1-May-06,1478.99
1-Apr-06,1500.35
1-Mar-06,1503.32
1-Feb-06,1491.67
1-Jan-06,1497.11
1-Dec-05,1488.87
1-Nov-05,1453.82
1-Oct-05,1389.22
1-Sep-05,1431.67
1-Aug-05,1447.22
1-Jul-05,1452.21
1-Jun-05,1435.07
1-May-05,1407.18
1-Apr-05,1389.21
1-Mar-05,1435.15
1-Feb-05,1452.1
1-Jan-05,1438.3
1-Dec-04,1463.04
1-Nov-04,1420.88
1-Oct-04,1358.71
1-Sep-04,1366.42
1-Aug-04,1334.12
1-Jul-04,1355.55
1-Jun-04,1386.34
1-May-04,1353.93
1-Apr-04,1399.62
1-Mar-04,1392.48
1-Feb-04,1425.61
1-Jan-04,1419.72
1-Dec-03,1361.3
1-Nov-03,1321.14
1-Oct-03,1303.56
1-Sep-03,1277.97
1-Aug-03,1244.5
1-Jul-03,1253.04
1-Jun-03,1248.67
1-May-03,1184.19
1-Apr-03,1124.24
1-Mar-03,1067.09
1-Feb-03,1061.33
1-Jan-03,1144.65
1-Dec-02,1154
1-Nov-02,1165.22
1-Oct-02,1094.41
1-Sep-02,1113.13
1-Aug-02,1172.46
1-Jul-02,1164.81
1-Jun-02,1308.62
1-May-02,1393.58
1-Apr-02,1435.77
1-Mar-02,1498.16
1-Feb-02,1437.22
1-Jan-02,1494.74
1-Dec-01,1504.32
1-Nov-01,1478.43
1-Oct-01,1406.57
1-Sep-01,1360.23
1-Aug-01,1541.45
1-Jul-01,1575.39
1-Jun-01,1615.65
1-May-01,1659.75
1-Apr-01,1561.56
1-Mar-01,1562.51
1-Feb-01,1724.41
1-Jan-01,1770.92
1-Dec-00,1775.84
1-Nov-00,1837.65
1-Oct-00,1854.85
1-Sep-00,1962.18
1-Aug-00,1995.79
1-Jul-00,1979.05
1-Jun-00,1968.78
1-May-00,1920.25
1-Apr-00,1980.61
1-Mar-00,1955.8
1-Feb-00,1898.99
1-Jan-00,1960.74
1-Dec-99,1970.83
1-Nov-99,1918.85
1-Oct-99,1794.4
1-Sep-99,1822.72
1-Aug-99,1844.39
1-Jul-99,1923.33
1-Jun-99,1847.48
1-May-99,1860.78
1-Apr-99,1864.54
1-Mar-99,1803.38
1-Feb-99,1759.35
1-Jan-99,1764.59
1-Dec-98,1685.72
1-Nov-98,1620.11
1-Oct-98,1461.61
1-Sep-98,1448.4
1-Aug-98,1526.87
1-Jul-98,1645.33
1-Jun-98,1578.71
1-May-98,1580.7
1-Apr-98,1589.02
1-Mar-98,1541.33
1-Feb-98,1468.05
1-Jan-98,1384.03
1-Dec-97,1385.18
1-Nov-97,1349.75
1-Oct-97,1366.5
1-Sep-97,1349.53
1-Aug-97,1338.77
1-Jul-97,1338.45
1-Jun-97,1269.15
1-May-97,1208.09
1-Apr-97,1107.11
1-Mar-97,1149.45
1-Feb-97,1161.4
1-Jan-97,1118.1
1-Dec-96,1088
1-Nov-96,1076.91
1-Oct-96,1028.78
1-Sep-96,992.93
1-Aug-96,978.08
1-Jul-96,952.43
1-Jun-96,990.45
1-May-96,980.3
1-Apr-96,961.3
1-Mar-96,964.85
1-Feb-96,973.54
1-Jan-96,923.88
1-Dec-95,929.53
1-Nov-95,900.14
1-Oct-95,880.51
1-Sep-95,877.09
1-Aug-95,848.96
1-Jul-95,848.54
1-Jun-95,821.11
1-May-95,799.02
1-Apr-95,776.3
1-Mar-95,756.23
1-Feb-95,741.45
1-Jan-95,718.66
1-Dec-94,705.94
1-Nov-94,714.97
1-Oct-94,720.27
1-Sep-94,725.65
1-Aug-94,723.36
1-Jul-94,706.2
1-Jun-94,713.49
1-May-94,709.72
1-Apr-94,704.42
1-Mar-94,731.53
1-Feb-94,746.32
1-Jan-94,751.11
1-Dec-93,741.96
1-Nov-93,737.09
1-Oct-93,739.2
1-Sep-93,734.8
1-Aug-93,728.13
1-Jul-93,719.15
1-Jun-93,720.39
1-May-93,716.86
1-Apr-93,714.36
1-Mar-93,727.8
1-Feb-93,716.62
1-Jan-93,708.59
1-Dec-92,712.76
1-Nov-92,691.33
1-Oct-92,675.38
1-Sep-92,687.59
1-Aug-92,688.64
1-Jul-92,685.84
1-Jun-92,676.08
1-May-92,689.37
1-Apr-92,678.04
1-Mar-92,678.93
1-Feb-92,691.07
1-Jan-92,699.49
1-Dec-91,654.09
1-Nov-91,650.2
1-Oct-91,653.71
1-Sep-91,655.21
1-Aug-91,661.83
1-Jul-91,648.14
1-Jun-91,645.78
1-May-91,647.17
1-Apr-91,651.99
1-Mar-91,640.23
1-Feb-91,623.92
1-Jan-91,561.42
1-Dec-90,570.44
1-Nov-90,547.08
1-Oct-90,534.1
1-Sep-90,551.83
1-Aug-90,583.5
1-Jul-90,641
1-Jun-90,644.11
1-May-90,629.38
1-Apr-90,609.11
1-Mar-90,610.56
1-Feb-90,599.37
1-Jan-90,619.54
1-Dec-89,641.82
1-Nov-89,627.35
1-Oct-89,642.15
1-Sep-89,645.05
1-Aug-89,645.82
1-Jul-89,619.42
1-Jun-89,605.58
1-May-89,588.67
1-Apr-89,570.14
1-Mar-89,555.64
1-Feb-89,561.32
1-Jan-89,547.15
1-Dec-88,532.73
1-Nov-88,523
1-Oct-88,535.8
1-Sep-88,519.37
1-Aug-88,514.47
1-Jul-88,527.22
1-Jun-88,532.6
1-May-88,506.02
1-Apr-88,520.64
1-Mar-88,529.5
1-Feb-88,516.57
1-Jan-88,502.66
1-Dec-87,484.85
1-Nov-87,492.9
1-Oct-87,564.21
1-Sep-87,643.4
1-Aug-87,668.49
1-Jul-87,632.64
1-Jun-87,616.52
1-May-87,593.45
1-Apr-87,595.97
1-Mar-87,605.79
1-Feb-87,584.37
1-Jan-87,552.23
1-Dec-86,522.32
1-Nov-86,515.43
1-Oct-86,499.69
1-Sep-86,502.04
1-Aug-86,518.51
1-Jul-86,509.28
1-Jun-86,520.09
1-May-86,508.46
1-Apr-86,508.8
1-Mar-86,495.7
1-Feb-86,466.03
1-Jan-86,441.03
1-Dec-85,440.33
1-Nov-85,420.67
1-Oct-85,397.69
1-Sep-85,394.66
1-Aug-85,404.79
1-Jul-85,414.58
1-Jun-85,407.59
1-May-85,400.07
1-Apr-85,392.23
1-Mar-85,391.45
1-Feb-85,396.22
1-Jan-85,377.63
1-Dec-84,362.69
1-Nov-84,366.66
1-Oct-84,363.35
1-Sep-84,367.26
1-Aug-84,365.24
1-Jul-84,336.99
1-Jun-84,342.76
1-May-84,351.62
1-Apr-84,354.89
1-Mar-84,356.17
1-Feb-84,356.64
1-Jan-84,379.12
1-Dec-83,376.78
1-Nov-83,378.99
1-Oct-83,385.49
1-Sep-83,385.48
1-Aug-83,376.29
1-Jul-83,388.11
1-Jun-83,388.27
1-May-83,384.06
1-Apr-83,371.32
1-Mar-83,360.22
1-Feb-83,348.13
1-Jan-83,342.55
1-Dec-82,331.6
1-Nov-82,327.16
1-Oct-82,313.73
1-Sep-82,290.27
1-Aug-82,260.68
1-Jul-82,260.5
1-Jun-82,262.56
1-May-82,282.09
1-Apr-82,284.52
1-Mar-82,272.21
1-Feb-82,281
1-Jan-82,288.79
1-Dec-81,305.77
1-Nov-81,304.52
1-Oct-81,297.79
1-Sep-81,294.69
1-Aug-81,325.99
1-Jul-81,327.21
1-Jun-81,339.02
1-May-81,340.49
1-Apr-81,350.2
1-Mar-81,349.43
1-Feb-81,339.14
1-Jan-81,354.92
1-Dec-80,359.14
1-Nov-80,368.48
1-Oct-80,356.46
1-Sep-80,349.63
1-Aug-80,344.21
1-Jul-80,336.32
1-Jun-80,321.72
1-May-80,305.68
1-Apr-80,295.22
1-Mar-80,303.47
1-Feb-80,339.27
1-Jan-80,330.94
1-Dec-79,326.3
1-Nov-79,317.2
1-Oct-79,322.62
1-Sep-79,337.98
1-Aug-79,337.87
1-Jul-79,326.18
1-Jun-79,326.57
1-May-79,323.83
1-Apr-79,335.75
1-Mar-79,332.95
1-Feb-79,330.04
1-Jan-79,338.94
1-Dec-78,329.59
1-Nov-78,326.24
1-Oct-78,348.08
1-Sep-78,362.74
1-Aug-78,365.49
1-Jul-78,343.44
1-Jun-78,347.75
1-May-78,350.62
1-Apr-78,336.84
1-Mar-78,325.25
1-Feb-78,328.43
1-Jan-78,335.25
1-Dec-77,350.75
1-Nov-77,353.61
1-Oct-77,353.3
1-Sep-77,363.87
1-Aug-77,370.82
1-Jul-77,381.36
1-Jun-77,379.77
1-May-77,380.24
1-Apr-77,383.27
1-Mar-77,392.54
1-Feb-77,396.76
1-Jan-77,411.95
1-Dec-76,417.66
1-Nov-76,405.09
1-Oct-76,408.6
1-Sep-76,425.23
1-Aug-76,417.82
1-Jul-76,423.67
1-Jun-76,416.1
1-May-76,415.84
1-Apr-76,421.71
1-Mar-76,419.89
1-Feb-76,418.56
1-Jan-76,404.45
1-Dec-75,371.05
1-Nov-75,378.14
1-Oct-75,374.55
1-Sep-75,360.03
1-Aug-75,366.46
1-Jul-75,396.18
1-Jun-75,400.23
1-May-75,393.2
1-Apr-75,371.82
1-Mar-75,369.09
1-Feb-75,354.22
1-Jan-75,323.34
1-Dec-74,300.03
1-Nov-74,323.41
1-Oct-74,315.49
1-Sep-74,312.55
1-Aug-74,353.03
1-Jul-74,372.73
1-Jun-74,425.43
1-May-74,428.36
1-Apr-74,447.21
1-Mar-74,473.27
1-Feb-74,459.66
1-Jan-74,478.83
1-Dec-73,476.29
1-Nov-73,515.92
1-Oct-73,559.03
1-Sep-73,542.41
1-Aug-73,534.34
1-Jul-73,554.47
1-Jun-73,550.48
1-May-73,566.93
1-Apr-73,587.34
1-Mar-73,602.67
1-Feb-73,618.03
1-Jan-73,645.27
1-Dec-72,641.87
1-Nov-72,630.24
1-Oct-72,601.55
1-Sep-72,603.3
1-Aug-72,613.58
1-Jul-72,593.99
1-Jun-72,601.29
1-May-72,601.06
1-Apr-72,608.67
1-Mar-72,603.97
1-Feb-72,591.38
1-Jan-72,583.52
1-Dec-71,560.19
1-Nov-71,526.66
1-Oct-71,552.26
1-Sep-71,565.62
1-Aug-71,553.33
1-Jul-71,564.73
1-Jun-71,570.24
1-May-71,585.31
1-Apr-71,596.34
1-Mar-71,578.09
1-Feb-71,565.05
1-Jan-71,545.36
1-Dec-70,525.29
1-Nov-70,494.11
1-Oct-70,497.15
1-Sep-70,489.09
1-Aug-70,463.86
1-Jul-70,450.76
1-Jun-70,452.3
1-May-70,457.48
1-Apr-70,518.3
1-Mar-70,538.78
1-Feb-70,532.52
1-Jan-70,554.68
1-Dec-69,561.08
1-Nov-69,595.65
1-Oct-69,594.54
1-Sep-69,591.43
1-Aug-69,590.96
1-Jul-69,597.51
1-Jun-69,628.88
1-May-69,667.16
1-Apr-69,647.89
1-Mar-69,638.62
1-Feb-69,658.24
1-Jan-69,665.19
1-Dec-68,696.5
1-Nov-68,691.25
1-Oct-68,682.69
1-Sep-68,670.04
1-Aug-68,650.79
1-Jul-68,667.23
1-Jun-68,672.41
1-May-68,658.61
1-Apr-68,645.68
1-Mar-68,603.02
1-Feb-68,616.05
1-Jan-68,647.07
1-Dec-67,652.67
1-Nov-67,636.46
1-Oct-67,659.02
1-Sep-67,662.02
1-Aug-67,654.85
1-Jul-67,646.52
1-Jun-67,637.45
1-May-67,647.48
1-Apr-67,638
1-Mar-67,629.1
1-Feb-67,616.47
1-Jan-67,595.94
1-Dec-66,573.92
1-Nov-66,571.52
1-Oct-66,544.28
1-Sep-66,552.44
1-Aug-66,572.61
1-Jul-66,613.2
1-Jun-66,616.67
1-May-66,623.76
1-Apr-66,658.4
1-Mar-66,642.83
1-Feb-66,672.48
1-Jan-66,681.31
1-Dec-65,669.7
1-Nov-65,674.89
1-Oct-65,669.33
1-Sep-65,656.68
1-Aug-65,635.44
1-Jul-65,623.84
1-Jun-65,624.79
1-May-65,660.12
1-Apr-65,650.43
1-Mar-65,644.06
1-Feb-65,645.53
1-Jan-65,640.84
1-Dec-64,624.76
1-Nov-64,635.78
1-Oct-64,633.42
1-Sep-64,622.67
1-Aug-64,614.12
1-Jul-64,621.25
1-Jun-64,600.94
1-May-64,606.49
1-Apr-64,600.63
1-Mar-64,592.06
1-Feb-64,581.47
1-Jan-64,574.4
1-Dec-63,557.27
1-Nov-63,547.4
1-Oct-63,550.49
1-Sep-63,550.92
1-Aug-63,536.78
1-Jul-63,522.34
1-Jun-63,531.93
1-May-63,533.91
1-Apr-63,523.4
1-Mar-63,499.88
1-Feb-63,503.43
1-Jan-63,496.87
1-Dec-62,478.38
1-Nov-62,458.53
1-Oct-62,428.97
1-Sep-62,442.95
1-Aug-62,448.39
1-Jul-62,436.52
1-Jun-62,427.66
1-May-62,484.24
1-Apr-62,523.14
1-Mar-62,542.16
1-Feb-62,541.62
1-Jan-62,534.52
1-Dec-61,555.19
1-Nov-61,550.08
1-Oct-61,526.24
1-Sep-61,520.52
1-Aug-61,526.37
1-Jul-61,506.43
1-Jun-61,511.23
1-May-61,518.09
1-Apr-61,512.87
1-Mar-61,499.55
1-Feb-61,484.35
1-Jan-61,465.27
1-Dec-60,442.52
1-Nov-60,432.16
1-Oct-60,418.6
1-Sep-60,429.9
1-Aug-60,443.23
1-Jul-60,437.98
1-Jun-60,449.12
1-May-60,434.58
1-Apr-60,438.6
1-Mar-60,434.48
1-Feb-60,440.48
1-Jan-60,459.82
1-Dec-59,466.39
1-Nov-59,451.93
1-Oct-59,450.12
1-Sep-59,452.05
1-Aug-59,472.28
1-Jul-59,474.99
1-Jun-59,458.43
1-May-59,464.01
1-Apr-59,457.13
1-Mar-59,451.16
1-Feb-59,439.99
1-Jan-59,445.28
1-Dec-58,429.71
1-Nov-58,420.3
1-Oct-58,409.3
1-Sep-58,393.32
1-Aug-58,383.19
1-Jul-58,368.1
1-Jun-58,359.5
1-May-58,351.06
1-Apr-58,340.14
1-Mar-58,339.46
1-Feb-58,334.94
1-Jan-58,333.8
1-Dec-57,329.69
1-Nov-57,329.86
1-Oct-57,338.32
1-Sep-57,360.8
1-Aug-57,376.06
1-Jul-57,397.96
1-Jun-57,392.86
1-May-57,387.88
1-Apr-57,374.88
1-Mar-57,367.71
1-Feb-57,364.34
1-Jan-57,382.15
1-Dec-56,390.64
1-Nov-56,386.32
1-Oct-56,390.38
1-Sep-56,396.89
1-Aug-56,412.37
1-Jul-56,413.32
1-Jun-56,394.94
1-May-56,400.19
1-Apr-56,414.71
1-Mar-56,411.4
1-Feb-56,384.89
1-Jan-56,382.47
1-Dec-55,393.04
1-Nov-55,387.95
1-Oct-55,363.44
1-Sep-55,382.69
1-Aug-55,367.57
1-Jul-55,369.82
1-Jun-55,345.9
1-May-55,326.95
1-Apr-55,328.34
1-Mar-55,317.38
1-Feb-55,319.9
1-Jan-55,309.55
1-Dec-54,304.08
1-Nov-54,289.69
1-Oct-54,278.77
1-Sep-54,272.45
1-Aug-54,265.22
1-Jul-54,260.04
1-Jun-54,249.95
1-May-54,247.96
1-Apr-54,239.36
1-Mar-54,229.32
1-Feb-54,224.57
1-Jan-54,219.74
1-Dec-53,214.3
1-Nov-53,211.45
1-Oct-53,206.11
1-Sep-53,200.84
1-Aug-53,210.5
1-Jul-53,210.42
1-Jun-53,207.48
1-May-53,215.99
1-Apr-53,215.67
1-Mar-53,226.84
1-Feb-53,226.56
1-Jan-53,228.5
1-Dec-52,226.43
1-Nov-52,217.64
1-Oct-52,210.95
1-Sep-52,215.47
1-Aug-52,218.95
1-Jul-52,218.08
1-Jun-52,213.59
1-May-52,208.69
1-Apr-52,208.77
1-Mar-52,210.19
1-Feb-52,209.66
1-Jan-52,211.93
1-Dec-51,205.09
1-Nov-51,199.72
1-Oct-51,207
1-Sep-51,208.86
1-Aug-51,205.18
1-Jul-51,196.58
1-Jun-51,193.17
1-May-51,196.58
1-Apr-51,197.25
1-Mar-51,194.64
1-Feb-51,198.74
1-Jan-51,193.87
1-Dec-50,183.41
1-Nov-50,186.39
1-Oct-50,187.53
1-Sep-50,181.55
1-Aug-50,176.08
1-Jul-50,167.43
1-Jun-50,182.81
1-May-50,180.64
1-Apr-50,175.5
1-Mar-50,170.68
1-Feb-50,170.02
1-Jan-50,166.76
1-Dec-49,162.71
1-Nov-49,157.15
1-Oct-49,155.66
1-Sep-49,150.47
1-Aug-49,149.15
1-Jul-49,144.59
1-Jun-49,135.71
1-May-49,144.18
1-Apr-49,144.64
1-Mar-49,145.45
1-Feb-49,144.08
1-Jan-49,148.59
1-Dec-48,146.33
1-Nov-48,146.69
1-Oct-48,154.05
1-Sep-48,149.34
1-Aug-48,151.05
1-Jul-48,156.24
1-Jun-48,162.03
1-May-48,156.88
1-Apr-48,150.23
1-Mar-48,141.88
1-Feb-48,139.3
1-Jan-48,145.28
1-Dec-47,149.12
1-Nov-47,153.47
1-Oct-47,155.95
1-Sep-47,152.02
1-Aug-47,159.52
1-Jul-47,164.92
1-Jun-47,156.61
1-May-47,152.02
1-Apr-47,154.78
1-Mar-47,160.71
1-Feb-47,170.62
1-Jan-47,164.24
1-Dec-46,163.38
1-Nov-46,160.12
1-Oct-46,164.64
1-Sep-46,171.73
1-Aug-46,203.43
1-Jul-46,211.65
1-Jun-46,230.68
1-May-46,234.68
1-Apr-46,235.45
1-Mar-46,222.4
1-Feb-46,231.78
1-Jan-46,229.87
1-Dec-45,221.07
1-Nov-45,218.57
1-Oct-45,211.64
1-Sep-45,203.18
1-Aug-45,190.22
1-Jul-45,189.58
1-Jun-45,193.56
1-May-45,192.22
1-Apr-45,186.25
1-Mar-45,181.69
1-Feb-45,181.82
1-Jan-45,175.95
1-Dec-44,170.86
1-Nov-44,168.16
1-Oct-44,169.34
1-Sep-44,165.27
1-Aug-44,168.03
1-Jul-44,170.52
1-Jun-44,167.13
1-May-44,160.53
1-Apr-44,157.74
1-Mar-44,161.45
1-Feb-44,157.05
1-Jan-44,158.11
1-Dec-43,153.18
1-Nov-43,151.17
1-Oct-43,158.51
1-Sep-43,159.98
1-Aug-43,157.55
1-Jul-43,164.78
1-Jun-43,160.53
1-May-43,157.74
1-Apr-43,152.64
1-Mar-43,149.42
1-Feb-43,146.86
1-Jan-43,138.61
1-Dec-42,130.78
1-Nov-42,130.87
1-Oct-42,129.57
1-Sep-42,122.13
1-Aug-42,120.87
1-Jul-42,122.31
1-Jun-42,118.65
1-May-42,112.95
1-Apr-42,113.05
1-Mar-42,118.69
1-Feb-42,127.1
1-Jan-42,132.05
1-Dec-41,131.21
1-Nov-41,141.26
1-Oct-41,149.16
1-Sep-41,157.44
1-Aug-41,159.09
1-Jul-41,162.04
1-Jun-41,154.15
1-May-41,152.04
1-Apr-41,156.51
1-Mar-41,162.68
1-Feb-41,162.85
1-Jan-41,173.71
1-Dec-40,173.38
1-Nov-40,182.08
1-Oct-40,177.94
1-Sep-40,176.28
1-Aug-40,169.15
1-Jul-40,165.67
1-Jun-40,159.22
1-May-40,175.45
1-Apr-40,203.48
1-Mar-40,201.49
1-Feb-40,202.65
1-Jan-40,205.44
1-Dec-39,205.14
1-Nov-39,210.11
1-Oct-39,213.92
1-Sep-39,210.27
1-Aug-39,194.14
1-Jul-39,197
1-Jun-39,192.29
1-May-39,188.93
1-Apr-39,182.2
1-Mar-39,206.95
1-Feb-39,207.11
1-Jan-39,207.29
1-Dec-38,210.44
1-Nov-38,216.74
1-Oct-38,216.58
1-Sep-38,193.47
1-Aug-38,202.69
1-Jul-38,201.54
1-Jun-38,168.11
1-May-38,164.33
1-Apr-38,161.7
1-Mar-38,169.76
1-Feb-38,181.78
1-Jan-38,184.92
1-Dec-37,177.67
1-Nov-37,179.33
1-Oct-37,195.27
1-Sep-37,228.51
1-Aug-37,268.03
1-Jul-37,265.31
1-Jun-37,252.16
1-May-37,261.99
1-Apr-37,276.16
1-Mar-37,295.77
1-Feb-37,298.19
1-Jan-37,289.63
1-Dec-36,282.91
1-Nov-36,287.89
1-Oct-36,280.09
1-Sep-36,266.16
1-Aug-36,263.18
1-Jul-36,259.89
1-Jun-36,247.14
1-May-36,238.78
1-Apr-36,252.16
1-Mar-36,251.82
1-Feb-36,244.78
1-Jan-36,231.49
1-Dec-35,219.38
1-Nov-35,219.38
1-Oct-35,202
1-Sep-35,196.75
1-Aug-35,192.68
1-Jul-35,180.48
1-Jun-35,171.5
1-May-35,164.03
1-Apr-35,152.09
1-Mar-35,142.52
1-Feb-35,152.18
1-Jan-35,158.08
1-Dec-34,160.44
1-Nov-34,158.22
1-Oct-34,153.92
1-Sep-34,151.59
1-Aug-34,157.66
1-Jul-34,164.08
1-Jun-34,172.22
1-May-34,171.24
1-Apr-34,190.62
1-Mar-34,187.48
1-Feb-34,197.6
1-Jan-34,185.38
1-Dec-33,175.36
1-Nov-33,172.01
1-Oct-33,167.97
1-Sep-33,186.08
1-Aug-33,187.67
1-Jul-33,199.02
1-Jun-33,189.94
1-May-33,163.44
1-Apr-33,126.95
1-Mar-33,114.79
1-Feb-33,114.25
1-Jan-33,127.6
1-Dec-32,120.87
1-Nov-32,124
1-Oct-32,124.29
1-Sep-32,143.11
1-Aug-32,129.5
1-Jul-32,85.53
1-Jun-32,81.43
1-May-32,93.37
1-Apr-32,104.89
1-Mar-32,136.98
1-Feb-32,135.51
1-Jan-32,134.75
1-Dec-31,134.21
1-Nov-31,164.1
1-Oct-31,159.71
1-Sep-31,183.1
1-Aug-31,213.72
1-Jul-31,220.33
1-Jun-31,213.25
1-May-31,217.45
1-Apr-31,237.56
1-Mar-31,260.89
1-Feb-31,254.35
1-Jan-31,233.33
1-Dec-30,223.66
1-Nov-30,235.28
1-Oct-30,252.15
1-Sep-30,290.63
1-Aug-30,292.53
1-Jul-30,294.54
1-Jun-30,297.39
1-May-30,328.88
1-Apr-30,347.7
1-Mar-30,328.88
1-Feb-30,315.06
1-Jan-30,294.76
1-Dec-29,288.86
1-Nov-29,276.18
1-Oct-29,375.63
1-Sep-29,420.05
1-Aug-29,403.94
1-Jul-29,382.2
1-Jun-29,355.04
1-May-29,350.43
1-Apr-29,347.29
1-Mar-29,347.29
1-Feb-29,339.29
1-Jan-29,337.52
1-Dec-28,314.31
1-Nov-28,311.26
1-Oct-28,291.56
1-Sep-28,284.1
1-Aug-28,268.55
1-Jul-28,260.13
1-Jun-28,258.23
1-May-28,269.96
1-Apr-28,263.39
1-Mar-28,247.78
1-Feb-28,235.15
1-Jan-28,235.25
1-Dec-27,234.31
1-Nov-27,228.95
1-Oct-27,222.56
1-Sep-27,227.33
1-Aug-27,216.37
1-Jul-27,204.25
1-Jun-27,196.42
1-May-27,196.14
1-Apr-27,190.7
1-Mar-27,186.14
1-Feb-27,182.26
1-Jan-27,177.77
1-Dec-26,176.94
1-Nov-26,173.01
1-Oct-26,171.75
1-Sep-26,176.71
1-Aug-26,175.06
1-Jul-26,167.42
1-Jun-26,158.84
1-May-26,150.78
1-Apr-26,148.9
1-Mar-26,154.04
1-Feb-26,164.33
1-Jan-26,164.07
1-Dec-25,161.61
1-Nov-25,158.13
1-Oct-25,155.96
1-Sep-25,150.97
1-Aug-25,147.56
1-Jul-25,145.6
1-Jun-25,143.28
1-May-25,142.39
1-Apr-25,138.76
1-Mar-25,139.43
1-Feb-25,144.02
1-Jan-25,141.98
1-Dec-24,136.35
1-Nov-24,130.12
1-Oct-24,123.24
1-Sep-24,125.59
1-Aug-24,127.55
1-Jul-24,122.6
1-Jun-24,117.86
1-May-24,115.67
1-Apr-24,116.08
1-Mar-24,118.12
1-Feb-24,119.73
1-Jan-24,118.5
1-Dec-23,114.74
1-Nov-23,110.98
1-Oct-23,107.76
1-Sep-23,110.01
1-Aug-23,109.97
1-Jul-23,108.79
1-Jun-23,113.9
1-May-23,119.11
1-Apr-23,125.01
1-Mar-23,130.32
1-Feb-23,128.24
1-Jan-23,122.99
1-Dec-22,120.62
1-Nov-22,121.61
1-Oct-22,128.73
1-Sep-22,126.71
1-Aug-22,123.5
1-Jul-22,117.6
1-Jun-22,117.47
1-May-22,118.59
1-Apr-22,114.14
1-Mar-22,107.6
1-Feb-22,102.48
1-Jan-22,100.28
1-Dec-21,98.1
1-Nov-21,94.2
1-Oct-21,88.89
1-Sep-21,87.69
1-Aug-21,84.6
1-Jul-21,85.65
1-Jun-21,86.4
1-May-21,93.39
1-Apr-21,88.63
1-Mar-21,87.28
1-Feb-21,89.08
1-Jan-21,86.88
1-Dec-20,81.5
1-Nov-20,87.71
1-Oct-20,91.93
1-Sep-20,91.36
1-Aug-20,86.92
1-Jul-20,88.29
1-Jun-20,87.98
1-May-20,90.84
1-Apr-20,98.36
1-Mar-20,102.18
1-Feb-20,96.44
1-Jan-20,106.22
1-Dec-19,109.57
1-Nov-19,115.33
1-Oct-19,121.47
1-Sep-19,117.52
1-Aug-19,116.35
1-Jul-19,126.89
1-Jun-19,126.52
1-May-19,123.23
1-Apr-19,116.64
1-Mar-19,114.95
1-Feb-19,112.93
1-Jan-19,110.45
1-Dec-18,111.16
1-Nov-18,114.8
1-Oct-18,114.05
1-Sep-18,111.5
1-Aug-18,114.27
1-Jul-18,115.47
1-Jun-18,117.66
1-May-18,119.13
1-Apr-18,117.88
1-Mar-18,120.73
1-Feb-18,122.34
1-Jan-18,119.57
1-Dec-17,115.24
1-Nov-17,121.07
1-Oct-17,132.08
1-Sep-17,141.74
1-Aug-17,152.34
1-Jul-17,159.43
1-Jun-17,161.44
1-May-17,160.7
1-Apr-17,168.97
1-Mar-17,180.12
1-Feb-17,174.7
1-Jan-17,189.9
1-Dec-16,196.14
1-Nov-16,206.12
1-Oct-16,205.05
1-Sep-16,202.47
1-Aug-16,198.09
1-Jul-16,198.42
1-Jun-16,201.21
1-May-16,201.14
1-Apr-16,198.66
1-Mar-16,202.76
1-Feb-16,205.38
1-Jan-16,208.28
1-Dec-15,213.68
1-Nov-15,213.23
1-Oct-15,208.04
1-Sep-15,199.07
1-Aug-15,191.94
1-Jul-15,184.12
1-Jun-15,184.81
1-May-15,182.74
1-Apr-15,188.98
1-Mar-15,177.52
1-Feb-15,171.34
1-Jan-15,171.94
1-Dec-14,168.95
1-Nov-14,174.81
1-Oct-14,176.54
1-Sep-14,174.81
1-Aug-14,174.81
1-Jul-14,178.3
1-Jun-14,190.66
1-May-14,191.6
1-Apr-14,192.37
1-Mar-14,195.11
1-Feb-14,198.87
1-Jan-14,194.32
1-Dec-13,186.66
1-Nov-13,185.04
1-Oct-13,191.77
1-Sep-13,198.04
1-Aug-13,198.16
1-Jul-13,193
1-Jun-13,192.37
1-May-13,204.64
1-Apr-13,208.24
1-Mar-13,208.48
1-Feb-13,212.5
1-Jan-13,220.32
1-Dec-12,224.51
1-Nov-12,230.51
1-Oct-12,233.11
1-Sep-12,233.59
1-Aug-12,234.8
1-Jul-12,231.68
1-Jun-12,231.44
1-May-12,229.29
1-Apr-12,229.53
1-Mar-12,229.21
1-Feb-12,227.39
1-Jan-12,231.91
1-Dec-11,233.96
1-Nov-11,230.64
1-Oct-11,219.34
1-Sep-11,218.08
1-Aug-11,233.18
1-Jul-11,252.63
1-Jun-11,256.58
1-May-11,251.54
1-Apr-11,246.23
1-Mar-11,239.36
1-Feb-11,244.89
1-Jan-11,233.17
1-Dec-10,227.64
1-Nov-10,234.18
1-Oct-10,229.7
1-Sep-10,213.26
1-Aug-10,209.66
1-Jul-10,202.62
1-Jun-10,213.41
1-May-10,222.17
1-Apr-10,221.68
1-Mar-10,229.17
1-Feb-10,227.94
1-Jan-10,236.39
1-Dec-09,239.37
1-Nov-09,238.73
1-Oct-09,242.35
1-Sep-09,246.18
1-Aug-09,248.52
1-Jul-09,244.98
1-Jun-09,241.53
1-May-09,239.89
1-Apr-09,234.43
1-Mar-09,229.08
1-Feb-09,226
1-Jan-09,235.28
1-Dec-08,231.91
1-Nov-08,229.31
1-Oct-08,216.95
1-Sep-08,216.78
1-Aug-08,219.16
1-Jul-08,210.14
1-Jun-08,204.82
1-May-08,204.55
1-Apr-08,194.1
1-Mar-08,186.33
1-Feb-08,179.01
1-Jan-08,183.64
1-Dec-07,174.32
1-Nov-07,162.31
1-Oct-07,165.41
1-Sep-07,187.39
1-Aug-07,189.41
1-Jul-07,204.75
1-Jun-07,197.2
1-May-07,205.97
1-Apr-07,217.88
1-Mar-07,216.84
1-Feb-07,237.82
1-Jan-07,250.79
1-Dec-06,255.54
1-Nov-06,260.5
1-Oct-06,258.17
1-Sep-06,272.04
1-Aug-06,266.7
1-Jul-06,254.04
1-Jun-06,252.24
1-May-06,248.98
1-Apr-06,258.48
1-Mar-06,262.04
1-Feb-06,268.62
1-Jan-06,270.54
1-Dec-05,261.5
1-Nov-05,258.24
1-Oct-05,262.45
1-Sep-05,258.8
1-Aug-05,255.19
1-Jul-05,248.71
1-Jun-05,241.14
1-May-05,238.33
1-Apr-05,247.98
1-Mar-05,251.03
1-Feb-05,241.21
1-Jan-05,231.07
1-Dec-04,226.14
1-Nov-04,223.94
1-Oct-04,217.31
1-Sep-04,205.25
1-Aug-04,198.96
1-Jul-04,194.57
1-Jun-04,186.82
1-May-04,186.54
1-Apr-04,186.18
1-Mar-04,179.74
1-Feb-04,178.17
1-Jan-04,187.3
1-Dec-03,188.55
1-Nov-03,180.22
1-Oct-03,177.67
1-Sep-03,181.41
1-Aug-03,188.17
1-Jul-03,194.42
1-Jun-03,203.78
1-May-03,215.7
1-Apr-03,214.97
1-Mar-03,224.12
1-Feb-03,225.46
1-Jan-03,226.8
1-Dec-02,218.33
1-Nov-02,225.86
1-Oct-02,227.39
1-Sep-02,251.18
1-Aug-02,253.4
1-Jul-02,244.09
1-Jun-02,238.69
1-May-02,242.78
1-Apr-02,246.4
1-Mar-02,240.98
1-Feb-02,240.69
1-Jan-02,238.63
1-Dec-01,231
1-Nov-01,237.46
1-Oct-01,235.44
1-Sep-01,238.12
1-Aug-01,242.1
1-Jul-01,241.93
1-Jun-01,262.42
1-May-01,238.65
1-Apr-01,251.31
1-Mar-01,229.12
1-Feb-01,221.18
1-Jan-01,212.89
1-Dec-00,209.59
1-Nov-00,195.13
1-Oct-00,180.98
1-Sep-00,172.64
1-Aug-00,178.87
1-Jul-00,174.42
1-Jun-00,176.46
1-May-00,179.78
1-Apr-00,184.22
1-Mar-00,181.9
1-Feb-00,180.44
1-Jan-00,179.27
"Dec 1, 1899",176.92
"Nov 1, 1899",192.28
"Oct 1, 1899",190.91
"Sep 1, 1899",194.34
"Aug 1, 1899",203.98
"Jul 1, 1899",201.66
"Jun 1, 1899",197.37
"May 1, 1899",204.79
"Apr 1, 1899",213.7
"Mar 1, 1899",213.79
"Feb 1, 1899",210.79
"Jan 1, 1899",208.81
"Dec 1, 1898",194.04
"Nov 1, 1898",185.45
"Oct 1, 1898",179.53
"Sep 1, 1898",183.36
"Aug 1, 1898",183.71
"Jul 1, 1898",177.09
"Jun 1, 1898",173.78
"May 1, 1898",156.38
"Apr 1, 1898",156.95
"Mar 1, 1898",159.7
"Feb 1, 1898",167.26
"Jan 1, 1898",170.12
"Dec 1, 1897",165.58
"Nov 1, 1897",162.1
"Oct 1, 1897",168.02
"Sep 1, 1897",171.03
"Aug 1, 1897",167.85
"Jul 1, 1897",164.88
"Jun 1, 1897",157.86
"May 1, 1897",150.83
"Apr 1, 1897",147.97
"Mar 1, 1897",150.35
"Feb 1, 1897",149.99
"Jan 1, 1897",151.43
"Dec 1, 1896",147.11
"Nov 1, 1896",152.69
"Oct 1, 1896",147.12
"Sep 1, 1896",148.25
"Aug 1, 1896",140.85
"Jul 1, 1896",149.36
"Jun 1, 1896",159.71
"May 1, 1896",160.37
"Apr 1, 1896",158.6
"Mar 1, 1896",154.78
"Feb 1, 1896",157.25
"Jan 1, 1896",148.85
"Dec 1, 1895",148.37
"Nov 1, 1895",155.57
"Oct 1, 1895",160.99
"Sep 1, 1895",163.36
"Aug 1, 1895",162.35
"Jul 1, 1895",157.67
"Jun 1, 1895",155
"May 1, 1895",154
"Apr 1, 1895",148.11
"Mar 1, 1895",148.06
"Feb 1, 1895",148.06
"Jan 1, 1895",150.18
"Dec 1, 1894",151.95
"Nov 1, 1894",151.29
"Oct 1, 1894",151.29
"Sep 1, 1894",151.84
"Aug 1, 1894",151.46
"Jul 1, 1894",150.18
"Jun 1, 1894",153.36
"May 1, 1894",155.48
"Apr 1, 1894",161.49
"Mar 1, 1894",159.37
"Feb 1, 1894",150.43
"Jan 1, 1894",146.42
"Dec 1, 1893",145.43
"Nov 1, 1893",148.6
"Oct 1, 1893",142.53
"Sep 1, 1893",140.33
"Aug 1, 1893",136.29
"Jul 1, 1893",134.23
"Jun 1, 1893",144.24
"May 1, 1893",147.66
"Apr 1, 1893",159.9
"Mar 1, 1893",158.05
"Feb 1, 1893",160.1
"Jan 1, 1893",164.87
"Dec 1, 1892",168.1
"Nov 1, 1892",171.96
"Oct 1, 1892",177.05
"Sep 1, 1892",173.57
"Aug 1, 1892",178
"Jul 1, 1892",177.9
"Jun 1, 1892",182.7
"May 1, 1892",183.69
"Apr 1, 1892",183.69
"Mar 1, 1892",181.44
"Feb 1, 1892",174.84
"Jan 1, 1892",174.52
"Dec 1, 1891",167.02
"Nov 1, 1891",162.08
"Oct 1, 1891",162.61
"Sep 1, 1891",162.61
"Aug 1, 1891",148.45
"Jul 1, 1891",143.64
"Jun 1, 1891",144.36
"May 1, 1891",143.83
"Apr 1, 1891",142.63
"Mar 1, 1891",139.76
"Feb 1, 1891",144
"Jan 1, 1891",144.06
"Dec 1, 1890",135.19
"Nov 1, 1890",138.42
"Oct 1, 1890",145.79
"Sep 1, 1890",152.67
"Aug 1, 1890",157.2
"Jul 1, 1890",166.82
"Jun 1, 1890",168.03
"May 1, 1890",169.23
"Apr 1, 1890",164.44
"Mar 1, 1890",161.08
"Feb 1, 1890",162.3
"Jan 1, 1890",164.13
"Dec 1, 1889",158.35
"Nov 1, 1889",161.1
"Oct 1, 1889",162.61
"Sep 1, 1889",165.62
"Aug 1, 1889",163.83
"Jul 1, 1889",161.69
"Jun 1, 1889",165.05
"May 1, 1889",162.3
"Apr 1, 1889",154.18
"Mar 1, 1889",154.48
"Feb 1, 1889",155.76
"Jan 1, 1889",152.26
"Dec 1, 1888",144.12
"Nov 1, 1888",146.93
"Oct 1, 1888",151.84
"Sep 1, 1888",154.39
"Aug 1, 1888",150.66
"Jul 1, 1888",147.51
"Jun 1, 1888",145.58
"May 1, 1888",148.37
"Apr 1, 1888",144.75
"Mar 1, 1888",142.44
"Feb 1, 1888",148.05
"Jan 1, 1888",147.29
"Dec 1, 1887",147.77
"Nov 1, 1887",152.1
"Oct 1, 1887",151.1
"Sep 1, 1887",158.11
"Aug 1, 1887",158.36
"Jul 1, 1887",164.28
"Jun 1, 1887",166.5
"May 1, 1887",169.32
"Apr 1, 1887",166.45
"Mar 1, 1887",162.72
"Feb 1, 1887",158.99
"Jan 1, 1887",162.14
"Dec 1, 1886",167.87
"Nov 1, 1886",174.35
"Oct 1, 1886",170.13
"Sep 1, 1886",165.92
"Aug 1, 1886",161.7
"Jul 1, 1886",162.61
"Jun 1, 1886",162.08
"May 1, 1886",153.15
"Apr 1, 1886",152.4
"Mar 1, 1886",152.52
"Feb 1, 1886",154
"Jan 1, 1886",151.1
"Dec 1, 1885",147.59
"Nov 1, 1885",152.26
"Oct 1, 1885",144.59
"Sep 1, 1885",136.65
"Aug 1, 1885",136.86
"Jul 1, 1885",129.59
"Jun 1, 1885",126.37
"May 1, 1885",123.97
"Apr 1, 1885",122.53
"Mar 1, 1885",124.31
"Feb 1, 1885",121.21
"Jan 1, 1885",118.89
"Dec 1, 1884",121.69
"Nov 1, 1884",120.66
"Oct 1, 1884",120.42
"Sep 1, 1884",123.05
"Aug 1, 1884",125.77
"Jul 1, 1884",118.34
"Jun 1, 1884",117
"May 1, 1884",121.99
"Apr 1, 1884",129.95
"Mar 1, 1884",133.31
"Feb 1, 1884",133.82
"Jan 1, 1884",130.29
"Dec 1, 1883",134.32
"Nov 1, 1883",138.84
"Oct 1, 1883",135.33
"Sep 1, 1883",139.1
"Aug 1, 1883",136.26
"Jul 1, 1883",142.74
"Jun 1, 1883",142.08
"May 1, 1883",136.69
"Apr 1, 1883",137.66
"Mar 1, 1883",133.63
"Feb 1, 1883",130.69
"Jan 1, 1883",135.02
"Dec 1, 1882",135.72
"Nov 1, 1882",133.69
"Oct 1, 1882",138.43
"Sep 1, 1882",140.93
"Aug 1, 1882",135.87
"Jul 1, 1882",133.05
"Jun 1, 1882",124.88
"May 1, 1882",126.62
"Apr 1, 1882",129.4
"Mar 1, 1882",130.54
"Feb 1, 1882",130.76
"Jan 1, 1882",135.01
"Dec 1, 1881",137.06
"Nov 1, 1881",141.17
"Oct 1, 1881",138.89
"Sep 1, 1881",142.54
"Aug 1, 1881",146.88
"Jul 1, 1881",153.41
"Jun 1, 1881",160.64
"May 1, 1881",158.68
"Apr 1, 1881",150.27
"Mar 1, 1881",152.34
"Feb 1, 1881",150.63
"Jan 1, 1881",152.56
"Dec 1, 1880",142.57
"Nov 1, 1880",138.26
"Oct 1, 1880",132.77
"Sep 1, 1880",129.04
"Aug 1, 1880",130.55
"Jul 1, 1880",126.02
"Jun 1, 1880",120.48
"May 1, 1880",117.56
"Apr 1, 1880",123.98
"Mar 1, 1880",121.95
"Feb 1, 1880",120.85
"Jan 1, 1880",118.76
"Dec 1, 1879",117.76
"Nov 1, 1879",121.51
"Oct 1, 1879",121.54
"Sep 1, 1879",115.67
"Aug 1, 1879",115.52
"Jul 1, 1879",114.66
"Jun 1, 1879",113.64
"May 1, 1879",111.83
"Apr 1, 1879",107
"Mar 1, 1879",102.34
"Feb 1, 1879",102.91
"Jan 1, 1879",100.38
"Dec 1, 1878",97.92
"Nov 1, 1878",96.25
"Oct 1, 1878",95.39
"Sep 1, 1878",95.47
"Aug 1, 1878",93.57
"Jul 1, 1878",95.39
"Jun 1, 1878",94.59
"May 1, 1878",90.59
"Apr 1, 1878",87.36
"Mar 1, 1878",84.14
"Feb 1, 1878",80.86
"Jan 1, 1878",81.75
"Dec 1, 1877",79.34
"Nov 1, 1877",79.59
"Oct 1, 1877",79.22
"Sep 1, 1877",77.55
"Aug 1, 1877",72.26
"Jul 1, 1877",65
"Jun 1, 1877",62.82
"May 1, 1877",64.03
"Apr 1, 1877",65.19
"Mar 1, 1877",72.3
"Feb 1, 1877",72.74
"Jan 1, 1877",75.34
"Dec 1, 1876",77.32
"Nov 1, 1876",79.15
"Oct 1, 1876",81.38
"Sep 1, 1876",83.34
"Aug 1, 1876",89.63
"Jul 1, 1876",94.34
"Jun 1, 1876",95.49
"May 1, 1876",93.58
"Apr 1, 1876",93.73
"Mar 1, 1876",96.5
"Feb 1, 1876",96.72
"Jan 1, 1876",95.43
"Dec 1, 1875",92.74
"Nov 1, 1875",91.9
"Oct 1, 1875",89.7
"Sep 1, 1875",91.16
"Aug 1, 1875",91.17
"Jul 1, 1875",91.57
"Jun 1, 1875",91.36
"May 1, 1875",91.68
"Apr 1, 1875",92.99
"Mar 1, 1875",92.58
"Feb 1, 1875",91.37
"Jan 1, 1875",91.58
"Dec 1, 1874",91.58
"Nov 1, 1874",92.18
"Oct 1, 1874",90.59
"Sep 1, 1874",89.32
"Aug 1, 1874",87.95
"Jul 1, 1874",87.09
"Jun 1, 1874",87.75
"May 1, 1874",86.1
"Apr 1, 1874",87.68
"Mar 1, 1874",88.77
"Feb 1, 1874",90.09
"Jan 1, 1874",87.46
"Dec 1, 1873",84.25
"Nov 1, 1873",78.89
"Oct 1, 1873",79.28
"Sep 1, 1873",84.84
"Aug 1, 1873",91.87
"Jul 1, 1873",91.87
"Jun 1, 1873",92.05
"May 1, 1873",90.61
"Apr 1, 1873",88.44
"Mar 1, 1873",89.67
"Feb 1, 1873",90.37
"Jan 1, 1873",91.68
"Dec 1, 1872",90.96
"Nov 1, 1872",87.53
"Oct 1, 1872",90.5
"Sep 1, 1872",88.2
"Aug 1, 1872",90.43
"Jul 1, 1872",92.22
"Jun 1, 1872",91.41
"May 1, 1872",91.59
"Apr 1, 1872",91.59
"Mar 1, 1872",91.13
"Feb 1, 1872",89.56
"Jan 1, 1872",89.2
"Dec 1, 1871",86.99
"Nov 1, 1871",87.09
"Oct 1, 1871",86.15
"Sep 1, 1871",92.26
"Aug 1, 1871",93.53
"Jul 1, 1871",90.91
"Jun 1, 1871",92.64
"May 1, 1871",91.96
"Apr 1, 1871",87.62
"Mar 1, 1871",82.14
"Feb 1, 1871",81.37
"Jan 1, 1871",82.73
